{"cameraMode":{"drawMode":0,"name":"Shaded","section":"Shading Mode"},"sceneLighting":false,"audioPlay":false,"sceneViewState":{"m_AlwaysRefresh":false,"showFog":true,"showSkybox":false,"showFlares":true,"showImageEffects":true,"showParticleSystems":true,"showVisualEffectGraphs":true,"m_FxEnabled":true},"in2DMode":false,"pivot":{"x":-0.04999995231628418,"y":0.7000000476837158,"z":0.20000004768371583},"rotation":{"x":0.04137565940618515,"y":0.7594802379608154,"z":-0.0485386997461319,"w":0.647396981716156},"size":1.900658369064331,"orthographic":false}